{"cameraMode":{"drawMode":0,"name":"Shaded","section":"Shading Mode"},"sceneLighting":false,"audioPlay":false,"sceneViewState":{"showFog":true,"showMaterialUpdate":false,"showSkybox":true,"showFlares":true,"showImageEffects":true,"showParticleSystems":true},"in2DMode":false,"pivot":{"x":-0.5980224609375,"y":4.21240234375,"z":-1.072265625},"rotation":{"x":-0.005996452644467354,"y":0.03599126636981964,"z":0.00021105844643898308,"w":0.9993340969085693},"size":1.6300715208053589,"orthographic":true}